{
  "IcoMoonType": "selection",
  "icons": [
    {
      "icon": {
        "paths": [
          "M818.637 979.405c0-114.995-111.974-173.517-221.030-220.518-108.698-46.797-143.411-86.221-143.411-170.701 0-50.637 33.178-34.15 47.718-127.027 6.144-38.502 35.43-0.614 41.062-88.525 0-35.021-16.026-43.725-16.026-43.725s8.141-51.866 11.315-91.802c3.277-41.83-20.378-131.072-117.811-158.464-16.998-17.459-28.518-45.158 23.91-72.909-114.688-5.325-141.363 54.682-202.445 98.816-51.968 38.707-65.997 99.994-63.488 132.608 3.328 39.936 11.418 91.802 11.418 91.802s-16.077 8.704-16.077 43.725c5.632 87.962 35.021 50.022 41.114 88.525 14.541 92.877 47.77 76.39 47.77 127.027 0 84.48-10.854 113.152-119.603 159.949-109.107 46.95-143.053 122.214-142.49 231.219 0.154 32.614-0.563 44.595-0.563 44.595h819.2c0 0-0.563-11.981-0.563-44.595zM819.2 513.997l-117.709-122.778-54.323 54.323 122.829 117.658-122.778 117.658 54.323 54.323 117.658-122.778 117.658 122.778 54.323-54.323-122.778-117.658 122.726-117.658-54.323-54.323-117.606 122.778z"
        ],
        "attrs": [],
        "isMulticolor": false,
        "isMulticolor2": false,
        "tags": [
          "remove-user"
        ],
        "grid": 20
      },
      "attrs": [],
      "properties": {
        "id": 14,
        "order": 17,
        "prevSize": 20,
        "name": "remove-user"
      },
      "setIdx": 0,
      "setId": 2,
      "iconIdx": 13
    },
    {
      "icon": {
        "paths": [
          "M716.8 102.4v870.4l-204.8-204.8-204.8 204.8v-870.4c0-28.314 29.952-52.224 51.2-51.2h307.2c35.277-1.024 51.2 22.886 51.2 51.2z"
        ],
        "attrs": [],
        "isMulticolor": false,
        "isMulticolor2": false,
        "tags": [
          "bookmark"
        ],
        "grid": 20
      },
      "attrs": [],
      "properties": {
        "id": 32,
        "order": 2,
        "prevSize": 20,
        "name": "bookmark"
      },
      "setIdx": 0,
      "setId": 2,
      "iconIdx": 31
    },
    {
      "icon": {
        "paths": [
          "M678.4 512l-365.619-379.904c-13.722-13.824-13.722-36.198 0-50.125 13.722-13.824 35.891-13.824 49.613 0l400.896 404.89c13.722 13.875 13.722 36.301 0 50.125l-400.896 404.89c-13.722 13.875-35.891 13.824-49.613 0-13.722-13.773-13.722-36.198 0-50.125l365.619-379.75z"
        ],
        "attrs": [],
        "isMulticolor": false,
        "isMulticolor2": false,
        "tags": [
          "chevron-thin-right"
        ],
        "grid": 20
      },
      "attrs": [],
      "properties": {
        "id": 43,
        "order": 4,
        "prevSize": 20,
        "name": "chevron-thin-right"
      },
      "setIdx": 0,
      "setId": 2,
      "iconIdx": 42
    },
    {
      "icon": {
        "paths": [
          "M256 307.2h512l-256 460.8-256-460.8z"
        ],
        "attrs": [],
        "isMulticolor": false,
        "isMulticolor2": false,
        "tags": [
          "triangle-down"
        ],
        "grid": 20
      },
      "attrs": [],
      "properties": {
        "id": 81,
        "order": 21,
        "prevSize": 20,
        "name": "triangle-down"
      },
      "setIdx": 0,
      "setId": 2,
      "iconIdx": 80
    },
    {
      "icon": {
        "paths": [
          "M716.8 256v512l-460.8-256 460.8-256z"
        ],
        "attrs": [],
        "isMulticolor": false,
        "isMulticolor2": false,
        "tags": [
          "triangle-left"
        ],
        "grid": 20
      },
      "attrs": [],
      "properties": {
        "id": 82,
        "order": 20,
        "prevSize": 20,
        "name": "triangle-left"
      },
      "setIdx": 0,
      "setId": 2,
      "iconIdx": 81
    },
    {
      "icon": {
        "paths": [
          "M768 512l-460.8 256v-512l460.8 256z"
        ],
        "attrs": [],
        "isMulticolor": false,
        "isMulticolor2": false,
        "tags": [
          "triangle-right"
        ],
        "grid": 20
      },
      "attrs": [],
      "properties": {
        "id": 83,
        "order": 18,
        "prevSize": 20,
        "name": "triangle-right"
      },
      "setIdx": 0,
      "setId": 2,
      "iconIdx": 82
    },
    {
      "icon": {
        "paths": [
          "M768 716.8h-512l256-460.8 256 460.8z"
        ],
        "attrs": [],
        "isMulticolor": false,
        "isMulticolor2": false,
        "tags": [
          "triangle-up"
        ],
        "grid": 20
      },
      "attrs": [],
      "properties": {
        "id": 84,
        "order": 19,
        "prevSize": 20,
        "name": "triangle-up"
      },
      "setIdx": 0,
      "setId": 2,
      "iconIdx": 83
    },
    {
      "icon": {
        "paths": [
          "M818.637 979.405c0.563-109.005-111.923-173.517-221.030-220.518-108.698-46.797-143.411-86.221-143.411-170.701 0-50.637 33.178-34.15 47.718-127.027 6.144-38.502 35.43-0.614 41.062-88.525 0-35.021-16.026-43.725-16.026-43.725s8.141-51.866 11.315-91.802c3.277-41.83-20.378-131.072-117.811-158.464-16.998-17.459-28.518-45.158 23.91-72.909-114.688-5.325-141.363 54.682-202.445 98.816-51.968 38.707-65.997 99.994-63.488 132.608 3.328 39.936 11.418 91.802 11.418 91.802s-16.077 8.704-16.077 43.725c5.632 87.962 35.021 50.022 41.114 88.525 14.541 92.877 47.77 76.39 47.77 127.027 0 84.48-10.854 113.152-119.603 159.949-109.107 46.95-143.053 122.214-142.49 231.219 0.154 32.614-0.563 44.595-0.563 44.595h819.2c0 0-0.717-11.981-0.563-44.595zM870.4 512v-153.6h-102.4v153.6h-153.6v102.4h153.6v153.6h102.4v-153.6h153.6v-102.4h-153.6z"
        ],
        "attrs": [],
        "isMulticolor": false,
        "isMulticolor2": false,
        "tags": [
          "add-user"
        ],
        "grid": 20
      },
      "attrs": [],
      "properties": {
        "id": 88,
        "order": 16,
        "prevSize": 20,
        "name": "add-user"
      },
      "setIdx": 0,
      "setId": 2,
      "iconIdx": 87
    },
    {
      "icon": {
        "paths": [
          "M1017.344 330.394c6.093 13.158 6.502 66.048-250.061 186.47l-251.546 118.067c-87.552 41.114-214.579 95.181-270.592 110.131-39.219 10.445-76.646-16.179-76.646-16.179s-112.947-101.12-142.95-123.853c-29.952-22.733-27.392-34.304 11.008-46.592 23.91-7.629 160.256 25.242 218.368 39.936 68.557-40.96 131.174-76.083 160.819-92.058-71.475-52.89-205.21-151.654-247.859-181.76-40.909-28.928 0.512-39.322 0.512-39.322 18.842-5.069 59.494-11.674 79.974-7.373 139.315 29.133 371.866 106.035 389.683 111.923 42.598-22.323 108.954-55.91 149.606-75.008 106.24-49.869 221.542-1.894 229.683 15.616z"
        ],
        "attrs": [],
        "isMulticolor": false,
        "isMulticolor2": false,
        "tags": [
          "aircraft-take-off"
        ],
        "grid": 20
      },
      "attrs": [],
      "properties": {
        "id": 93,
        "order": 3,
        "prevSize": 20,
        "name": "aircraft-take-off"
      },
      "setIdx": 0,
      "setId": 2,
      "iconIdx": 92
    },
    {
      "icon": {
        "paths": [
          "M870.4 51.2h-102.4c-28.262 0-51.2 22.886-51.2 51.2v869.99h204.8v-869.99c0-28.314-22.886-51.2-51.2-51.2zM563.2 358.4h-102.4c-28.262 0-51.2 22.886-51.2 51.2v562.79h204.8v-562.79c0-28.314-22.886-51.2-51.2-51.2zM256 665.6h-102.4c-28.262 0-51.2 22.886-51.2 51.2v255.59h204.8v-255.59c0-28.314-22.886-51.2-51.2-51.2z"
        ],
        "attrs": [],
        "isMulticolor": false,
        "isMulticolor2": false,
        "tags": [
          "bar-graph"
        ],
        "grid": 20
      },
      "attrs": [],
      "properties": {
        "id": 107,
        "order": 23,
        "prevSize": 20,
        "name": "bar-graph"
      },
      "setIdx": 0,
      "setId": 2,
      "iconIdx": 106
    },
    {
      "icon": {
        "paths": [
          "M296.96 624.64v-317.44h-194.56c-56.32 0-102.4 46.080-102.4 102.4v307.2c0 56.32 46.080 102.4 102.4 102.4h51.2v153.6l153.6-153.6h256c56.32 0 102.4-46.080 102.4-102.4v-93.184c-3.277 0.717-6.758 1.075-10.24 1.075l-358.4-0.051zM921.6 51.2h-460.8c-56.32 0-102.4 46.080-102.4 102.4v409.6h358.4l153.6 153.6v-153.6h51.2c56.32 0 102.4-46.029 102.4-102.4v-307.2c0-56.32-46.080-102.4-102.4-102.4z"
        ],
        "attrs": [],
        "isMulticolor": false,
        "isMulticolor2": false,
        "tags": [
          "chat"
        ],
        "grid": 20
      },
      "attrs": [],
      "properties": {
        "id": 125,
        "order": 7,
        "prevSize": 20,
        "name": "chat"
      },
      "setIdx": 0,
      "setId": 2,
      "iconIdx": 124
    },
    {
      "icon": {
        "paths": [
          "M424.653 870.298c-22.272 0-43.366-10.394-56.883-28.314l-182.938-241.715c-23.808-31.386-17.613-76.083 13.824-99.891 31.488-23.91 76.186-17.613 99.994 13.824l120.371 158.925 302.643-485.99c20.838-33.382 64.87-43.622 98.355-22.784 33.434 20.787 43.725 64.819 22.835 98.304l-357.581 573.952c-12.39 20.019-33.843 32.512-57.344 33.587-1.126 0.102-2.15 0.102-3.277 0.102z"
        ],
        "attrs": [],
        "isMulticolor": false,
        "isMulticolor2": false,
        "tags": [
          "check"
        ],
        "grid": 20
      },
      "attrs": [],
      "properties": {
        "id": 126,
        "order": 24,
        "prevSize": 20,
        "name": "check"
      },
      "setIdx": 0,
      "setId": 2,
      "iconIdx": 125
    },
    {
      "icon": {
        "paths": [
          "M798.72 102.4l-61.44 153.6h-450.56l-61.44-153.6c-39.475 0-71.68 32.205-71.68 71.68v778.24c0 39.424 32.205 71.68 71.629 71.68h573.44c39.424 0 71.68-32.307 71.68-71.68v-778.24c0.051-39.475-32.256-71.68-71.629-71.68zM696.32 204.8l46.080-102.4h-111.667l-36.813-102.4h-163.84l-36.864 102.4h-111.616l46.029 102.4h368.691z"
        ],
        "attrs": [],
        "isMulticolor": false,
        "isMulticolor2": false,
        "tags": [
          "clipboard"
        ],
        "grid": 20
      },
      "attrs": [],
      "properties": {
        "id": 133,
        "order": 26,
        "prevSize": 20,
        "name": "clipboard"
      },
      "setIdx": 0,
      "setId": 2,
      "iconIdx": 132
    },
    {
      "icon": {
        "paths": [
          "M856.371 647.219c-43.162 69.786-180.992 120.883-344.371 120.883s-301.21-51.098-344.422-120.883c-9.114-14.848-13.978-6.912-13.978 0.358 0 7.373 0 102.502 0 102.502 0 99.328 160.461 202.24 358.4 202.24s358.4-102.912 358.4-202.189c0 0 0-95.13 0-102.502 0-7.322-4.915-15.258-14.029-0.41zM856.934 385.28c-42.496 61.696-180.838 107.008-344.934 107.008s-302.49-45.312-344.986-107.008c-8.755-12.698-13.414-5.786-13.414-0.102 0 5.786 0 120.678 0 120.678 0 90.214 160.461 163.277 358.4 163.277s358.4-73.114 358.4-163.277c0 0 0-114.893 0-120.678 0-5.683-4.71-12.595-13.466 0.102zM512 51.2c-197.939 0-358.4 60.416-358.4 134.81v64.512c0 78.899 160.461 142.899 358.4 142.899s358.4-64 358.4-142.899v-64.512c0-74.394-160.461-134.81-358.4-134.81z"
        ],
        "attrs": [],
        "isMulticolor": false,
        "isMulticolor2": false,
        "tags": [
          "database"
        ],
        "grid": 20
      },
      "attrs": [],
      "properties": {
        "id": 146,
        "order": 22,
        "prevSize": 20,
        "name": "database"
      },
      "setIdx": 0,
      "setId": 2,
      "iconIdx": 145
    },
    {
      "icon": {
        "paths": [
          "M956.006 563.2h-85.606v307.2c0 22.784-9.933 51.2-51.2 51.2h-204.8v-307.2h-204.8v307.2h-204.8c-41.267 0-51.2-28.416-51.2-51.2v-307.2h-85.606c-30.618 0-24.064-16.589-3.072-38.298l410.829-411.238c9.984-10.342 23.091-15.462 36.25-15.974 13.158 0.512 26.266 5.581 36.25 15.974l410.778 411.187c21.043 21.76 27.597 38.349-3.021 38.349z"
        ],
        "attrs": [],
        "isMulticolor": false,
        "isMulticolor2": false,
        "tags": [
          "home"
        ],
        "grid": 20
      },
      "attrs": [],
      "properties": {
        "id": 185,
        "order": 6,
        "prevSize": 20,
        "name": "home"
      },
      "setIdx": 0,
      "setId": 2,
      "iconIdx": 184
    },
    {
      "icon": {
        "paths": [
          "M905.779 241.92c-25.754-152.422-164.864-254.31-310.733-227.379-145.92 26.88-269.107 144.179-243.354 296.704 5.478 32.819 20.89 84.173 39.066 121.088l-264.96 395.418c-9.779 14.592-15.309 40.909-12.39 58.419l17.050 100.915c2.97 17.51 19.046 29.286 35.84 26.317l77.619-14.387c16.794-3.021 38.093-17.818 47.309-32.717l104.806-169.523 0.922-1.126 70.963-13.107 122.368-198.605c40.192 7.117 97.894 4.71 131.994-1.587 145.818-26.931 209.254-187.904 183.501-340.429zM776.499 320.102c-40.141 59.904-81.101 17.715-138.394-24.32-57.293-41.882-109.312-67.686-69.222-127.59 40.141-59.904 119.091-74.496 176.486-32.512 57.344 41.933 71.219 124.518 31.13 184.422z"
        ],
        "attrs": [],
        "isMulticolor": false,
        "isMulticolor2": false,
        "tags": [
          "key"
        ],
        "grid": 20
      },
      "attrs": [],
      "properties": {
        "id": 194,
        "order": 8,
        "prevSize": 20,
        "name": "key"
      },
      "setIdx": 0,
      "setId": 2,
      "iconIdx": 193
    },
    {
      "icon": {
        "paths": [
          "M512 102.861c-141.414 0-256 114.125-256 255.488 0 244.429 256 563.2 256 563.2s256-318.822 256-563.2c0-141.312-114.586-255.488-256-255.488zM512 499.712c-76.39 0-138.24-61.901-138.24-138.24s61.85-138.24 138.24-138.24c76.288 0 138.189 61.901 138.189 138.24s-61.901 138.24-138.189 138.24z"
        ],
        "attrs": [],
        "isMulticolor": false,
        "isMulticolor2": false,
        "tags": [
          "location-pin"
        ],
        "grid": 20
      },
      "attrs": [],
      "properties": {
        "id": 210,
        "order": 9,
        "prevSize": 20,
        "name": "location-pin"
      },
      "setIdx": 0,
      "setId": 2,
      "iconIdx": 209
    },
    {
      "icon": {
        "paths": [
          "M898.304 791.91l-193.485-193.485c29.184-47.872 45.978-104.192 45.978-164.352 0-174.95-151.603-326.502-326.554-326.502-174.95-0.051-316.723 141.773-316.723 316.723 0 174.899 151.603 326.502 326.502 326.502 58.214 0 112.64-15.821 159.488-43.213l194.509 194.611c19.046 18.995 49.92 18.995 68.915 0l48.282-48.282c18.995-18.995 12.083-43.008-6.912-62.003zM205.005 424.294c0-121.139 98.15-219.29 219.238-219.29 121.139 0 229.069 107.878 229.069 229.069 0 121.088-98.202 219.29-219.29 219.29-121.139-0.051-229.018-107.981-229.018-229.069z"
        ],
        "attrs": [],
        "isMulticolor": false,
        "isMulticolor2": false,
        "tags": [
          "magnifying-glass"
        ],
        "grid": 20
      },
      "attrs": [],
      "properties": {
        "id": 218,
        "order": 11,
        "prevSize": 20,
        "name": "magnifying-glass"
      },
      "setIdx": 0,
      "setId": 2,
      "iconIdx": 217
    },
    {
      "icon": {
        "paths": [
          "M80.589 270.643c24.986 13.414 371.098 199.373 384 206.285s29.594 10.189 46.387 10.189c16.794 0 33.485-3.277 46.387-10.189s359.014-192.87 384-206.285c25.037-13.466 48.691-65.843 2.765-65.843h-866.253c-45.926 0-22.272 52.378 2.714 65.843zM952.986 383.437c-28.416 14.797-378.214 197.069-395.622 206.182s-29.594 10.189-46.387 10.189-28.979-1.075-46.387-10.189-365.21-191.437-393.626-206.234c-19.968-10.445-19.763 1.792-19.763 11.213s0 373.402 0 373.402c0 21.504 28.979 51.2 51.2 51.2h819.2c22.221 0 51.2-29.696 51.2-51.2 0 0 0-363.93 0-373.35s0.205-21.658-19.814-11.213z"
        ],
        "attrs": [],
        "isMulticolor": false,
        "isMulticolor2": false,
        "tags": [
          "mail"
        ],
        "grid": 20
      },
      "attrs": [],
      "properties": {
        "id": 219,
        "order": 15,
        "prevSize": 20,
        "name": "mail"
      },
      "setIdx": 0,
      "setId": 2,
      "iconIdx": 218
    },
    {
      "icon": {
        "paths": [
          "M995.686 190.362l-307.2-153.6c-14.387-7.219-31.386-7.219-45.824 0l-288.256 144.128-287.027-95.693c-15.667-5.222-32.768-2.611-46.131 7.066-13.363 9.626-21.248 25.088-21.248 41.523v665.651c0 19.405 10.957 37.12 28.314 45.773l307.2 153.6c7.219 3.584 15.053 5.427 22.886 5.427s15.718-1.792 22.886-5.427l288.256-144.077 287.027 95.693c15.616 5.12 32.768 2.509 46.131-7.117s21.248-25.088 21.248-41.472v-665.702c0.051-19.405-10.906-37.12-28.262-45.773zM409.6 267.827l204.8-102.4v602.266l-204.8 102.4v-602.266zM102.4 204.8l204.8 68.25v597.043l-204.8-102.4v-562.893zM921.6 830.822l-204.8-68.301v-597.094l204.8 102.4v562.995z"
        ],
        "attrs": [],
        "isMulticolor": false,
        "isMulticolor2": false,
        "tags": [
          "map"
        ],
        "grid": 20
      },
      "attrs": [],
      "properties": {
        "id": 221,
        "order": 10,
        "prevSize": 20,
        "name": "map"
      },
      "setIdx": 0,
      "setId": 2,
      "iconIdx": 220
    },
    {
      "icon": {
        "paths": [
          "M76.851 307.2h870.4c29.184 0 24.422-31.13 9.882-36.198-14.592-5.069-176.282-66.202-204.493-66.202h-35.84v-153.6h-409.6v153.6h-35.789c-28.16 0-189.901 61.133-204.442 66.202s-19.302 36.198 9.882 36.198zM972.8 358.4h-921.6c-28.16 0-51.2 23.040-51.2 51.2v256c0 28.211 23.040 51.2 51.2 51.2h116.89l-45.158 256h778.189l-45.21-256h116.89c28.211 0 51.2-22.989 51.2-51.2v-256c0-28.16-22.989-51.2-51.2-51.2zM235.674 870.4l61.338-358.554h430.029l61.389 358.554h-552.755z"
        ],
        "attrs": [],
        "isMulticolor": false,
        "isMulticolor2": false,
        "tags": [
          "print"
        ],
        "grid": 20
      },
      "attrs": [],
      "properties": {
        "id": 253,
        "order": 14,
        "prevSize": 20,
        "name": "print"
      },
      "setIdx": 0,
      "setId": 2,
      "iconIdx": 252
    },
    {
      "icon": {
        "paths": [
          "M512 66.56l122.266 344.166h328.294l-267.878 202.138 95.795 354.714-278.477-212.685-278.426 212.685 95.744-354.714-267.93-202.138h328.294l122.317-344.166z"
        ],
        "attrs": [],
        "isMulticolor": false,
        "isMulticolor2": false,
        "tags": [
          "star"
        ],
        "grid": 20
      },
      "attrs": [],
      "properties": {
        "id": 286,
        "order": 12,
        "prevSize": 20,
        "name": "star"
      },
      "setIdx": 0,
      "setId": 2,
      "iconIdx": 285
    },
    {
      "icon": {
        "paths": [
          "M818.637 979.405c0-114.995-111.974-173.517-221.030-220.518-108.698-46.797-143.411-86.221-143.411-170.701 0-50.637 33.178-34.15 47.718-127.027 6.144-38.502 35.43-0.614 41.062-88.525 0-35.021-16.026-43.725-16.026-43.725s8.141-51.866 11.315-91.802c3.277-41.83-20.378-131.072-117.811-158.464-16.998-17.459-28.518-45.158 23.91-72.909-114.688-5.325-141.363 54.682-202.445 98.816-51.968 38.707-65.997 99.994-63.488 132.608 3.328 39.936 11.418 91.802 11.418 91.802s-16.077 8.704-16.077 43.725c5.632 87.962 35.021 50.022 41.114 88.525 14.541 92.877 47.77 76.39 47.77 127.027 0 84.48-10.854 113.152-119.603 159.949-109.107 46.95-143.053 122.214-142.49 231.219 0.154 32.614-0.563 44.595-0.563 44.595h819.2c0 0-0.563-11.981-0.563-44.595zM948.634 684.288c-58.112-23.398-82.176-51.302-82.176-105.779 0-32.819 21.402-22.118 30.822-82.074 3.942-24.781 22.886-0.41 26.522-57.088 0-22.579-10.342-28.211-10.342-28.211s5.274-33.587 7.322-59.341c2.56-32.102-18.637-115.046-116.122-115.046-97.434 0-118.682 82.944-116.173 115.046 2.15 25.702 7.373 59.341 7.373 59.341s-10.342 5.581-10.342 28.211c3.635 56.678 22.579 32.307 26.522 57.088 9.421 60.006 30.822 49.306 30.822 82.074 0 54.477-22.426 79.974-92.621 110.182-3.533 1.485-6.144 3.482-9.37 5.222 83.968 36.454 216.371 99.379 247.706 227.686h135.424c0 0 0-97.587 0-118.682 0-51.2-13.978-93.901-75.366-118.63z"
        ],
        "attrs": [],
        "isMulticolor": false,
        "isMulticolor2": false,
        "tags": [
          "users"
        ],
        "grid": 20
      },
      "attrs": [],
      "properties": {
        "id": 312,
        "order": 25,
        "prevSize": 20,
        "name": "users"
      },
      "setIdx": 0,
      "setId": 2,
      "iconIdx": 311
    },
    {
      "icon": {
        "paths": [
          "M864.626 473.162c-65.754-183.44-205.11-348.15-352.626-473.162-147.516 125.012-286.87 289.722-352.626 473.162-40.664 113.436-44.682 236.562 12.584 345.4 65.846 125.14 198.632 205.438 340.042 205.438s274.196-80.298 340.040-205.44c57.27-108.838 53.25-231.962 12.586-345.398zM738.764 758.956c-43.802 83.252-132.812 137.044-226.764 137.044-55.12 0-108.524-18.536-152.112-50.652 13.242 1.724 26.632 2.652 40.112 2.652 117.426 0 228.668-67.214 283.402-171.242 44.878-85.292 40.978-173.848 23.882-244.338 14.558 28.15 26.906 56.198 36.848 83.932 22.606 63.062 40.024 156.34-5.368 242.604z"
        ],
        "tags": [
          "droplet",
          "color",
          "water"
        ],
        "defaultCode": 59659,
        "grid": 16,
        "attrs": []
      },
      "attrs": [],
      "properties": {
        "ligatures": "droplet, color2",
        "name": "droplet",
        "order": 27,
        "id": 12,
        "prevSize": 32
      },
      "setIdx": 1,
      "setId": 1,
      "iconIdx": 11
    },
    {
      "icon": {
        "paths": [
          "M959.884 128c0.040 0.034 0.082 0.076 0.116 0.116v767.77c-0.034 0.040-0.076 0.082-0.116 0.116h-895.77c-0.040-0.034-0.082-0.076-0.114-0.116v-767.772c0.034-0.040 0.076-0.082 0.114-0.114h895.77zM960 64h-896c-35.2 0-64 28.8-64 64v768c0 35.2 28.8 64 64 64h896c35.2 0 64-28.8 64-64v-768c0-35.2-28.8-64-64-64v0z",
          "M832 288c0 53.020-42.98 96-96 96s-96-42.98-96-96 42.98-96 96-96 96 42.98 96 96z",
          "M896 832h-768v-128l224-384 256 320h64l224-192z"
        ],
        "tags": [
          "image",
          "picture",
          "photo",
          "graphic"
        ],
        "defaultCode": 59661,
        "grid": 16,
        "attrs": []
      },
      "attrs": [],
      "properties": {
        "ligatures": "image, picture",
        "name": "image",
        "order": 28,
        "id": 14,
        "prevSize": 32
      },
      "setIdx": 1,
      "setId": 1,
      "iconIdx": 13
    },
    {
      "icon": {
        "width": 1152,
        "paths": [
          "M1088 128h-64v-64c0-35.2-28.8-64-64-64h-896c-35.2 0-64 28.8-64 64v768c0 35.2 28.8 64 64 64h64v64c0 35.2 28.8 64 64 64h896c35.2 0 64-28.8 64-64v-768c0-35.2-28.8-64-64-64zM128 192v640h-63.886c-0.040-0.034-0.082-0.076-0.114-0.116v-767.77c0.034-0.040 0.076-0.082 0.114-0.114h895.77c0.040 0.034 0.082 0.076 0.116 0.116v63.884h-768c-35.2 0-64 28.8-64 64v0zM1088 959.884c-0.034 0.040-0.076 0.082-0.116 0.116h-895.77c-0.040-0.034-0.082-0.076-0.114-0.116v-767.77c0.034-0.040 0.076-0.082 0.114-0.114h895.77c0.040 0.034 0.082 0.076 0.116 0.116v767.768z",
          "M960 352c0 53.020-42.98 96-96 96s-96-42.98-96-96 42.98-96 96-96 96 42.98 96 96z",
          "M1024 896h-768v-128l224-384 256 320h64l224-192z"
        ],
        "tags": [
          "images",
          "pictures",
          "photos",
          "graphics"
        ],
        "defaultCode": 59662,
        "grid": 16,
        "attrs": []
      },
      "attrs": [],
      "properties": {
        "ligatures": "images, pictures",
        "name": "images",
        "order": 29,
        "id": 15,
        "prevSize": 32
      },
      "setIdx": 1,
      "setId": 1,
      "iconIdx": 14
    },
    {
      "icon": {
        "paths": [
          "M864 0h-768c-52.8 0-96 43.2-96 96v832c0 52.8 43.2 96 96 96h768c52.8 0 96-43.2 96-96v-832c0-52.8-43.2-96-96-96zM832 896h-704v-768h704v768zM256 448h448v64h-448zM256 576h448v64h-448zM256 704h448v64h-448zM256 320h448v64h-448z"
        ],
        "tags": [
          "file-text",
          "file",
          "document",
          "list",
          "paper"
        ],
        "defaultCode": 59682,
        "grid": 16,
        "attrs": []
      },
      "attrs": [],
      "properties": {
        "ligatures": "file-text, file",
        "name": "file-text",
        "order": 31,
        "id": 35,
        "prevSize": 32
      },
      "setIdx": 1,
      "setId": 1,
      "iconIdx": 34
    },
    {
      "icon": {
        "paths": [
          "M917.806 357.076c-22.21-30.292-53.174-65.7-87.178-99.704s-69.412-64.964-99.704-87.178c-51.574-37.82-76.592-42.194-90.924-42.194h-368c-44.114 0-80 35.888-80 80v736c0 44.112 35.886 80 80 80h608c44.112 0 80-35.888 80-80v-496c0-14.332-4.372-39.35-42.194-90.924zM785.374 302.626c30.7 30.7 54.8 58.398 72.58 81.374h-153.954v-153.946c22.982 17.78 50.678 41.878 81.374 72.572v0zM896 944c0 8.672-7.328 16-16 16h-608c-8.672 0-16-7.328-16-16v-736c0-8.672 7.328-16 16-16 0 0 367.956-0.002 368 0v224c0 17.672 14.324 32 32 32h224v496z",
          "M602.924 42.196c-51.574-37.822-76.592-42.196-90.924-42.196h-368c-44.112 0-80 35.888-80 80v736c0 38.632 27.528 70.958 64 78.39v-814.39c0-8.672 7.328-16 16-16h486.876c-9.646-7.92-19.028-15.26-27.952-21.804z"
        ],
        "tags": [
          "files-empty",
          "files",
          "documents",
          "papers",
          "pages"
        ],
        "defaultCode": 59685,
        "grid": 16,
        "attrs": []
      },
      "attrs": [],
      "properties": {
        "ligatures": "files-empty, files",
        "name": "files-empty",
        "order": 30,
        "id": 38,
        "prevSize": 32
      },
      "setIdx": 1,
      "setId": 1,
      "iconIdx": 37
    },
    {
      "icon": {
        "paths": [
          "M640 256v-256h-448l-192 192v576h384v256h640v-768h-384zM192 90.51v101.49h-101.49l101.49-101.49zM64 704v-448h192v-192h320v192l-192 192v256h-320zM576 346.51v101.49h-101.49l101.49-101.49zM960 960h-512v-448h192v-192h320v640z"
        ],
        "tags": [
          "copy",
          "duplicate",
          "files",
          "pages",
          "papers",
          "documents"
        ],
        "defaultCode": 59692,
        "grid": 16,
        "attrs": []
      },
      "attrs": [],
      "properties": {
        "ligatures": "copy, duplicate",
        "name": "copy",
        "order": 34,
        "id": 45,
        "prevSize": 32
      },
      "setIdx": 1,
      "setId": 1,
      "iconIdx": 44
    },
    {
      "icon": {
        "paths": [
          "M704 128h-128v-64c0-35.2-28.8-64-64-64h-128c-35.204 0-64 28.8-64 64v64h-128v128h512v-128zM512 128h-128v-63.886c0.034-0.038 0.072-0.078 0.114-0.114h127.768c0.042 0.036 0.082 0.076 0.118 0.114v63.886zM832 320v-160c0-17.6-14.4-32-32-32h-64v64h32v128h-192l-192 192v256h-256v-576h32v-64h-64c-17.602 0-32 14.4-32 32v640c0 17.6 14.398 32 32 32h288v192h640v-704h-192zM576 410.51v101.49h-101.49l101.49-101.49zM960 960h-512v-384h192v-192h320v576z"
        ],
        "tags": [
          "paste",
          "clipboard-file"
        ],
        "defaultCode": 59693,
        "grid": 16,
        "attrs": []
      },
      "attrs": [],
      "properties": {
        "ligatures": "paste, clipboard-file",
        "name": "paste",
        "order": 33,
        "id": 46,
        "prevSize": 32
      },
      "setIdx": 1,
      "setId": 1,
      "iconIdx": 45
    },
    {
      "icon": {
        "paths": [
          "M1024 320l-512-256-512 256 512 256 512-256zM512 148.97l342.058 171.030-342.058 171.030-342.058-171.030 342.058-171.030zM921.444 460.722l102.556 51.278-512 256-512-256 102.556-51.278 409.444 204.722zM921.444 652.722l102.556 51.278-512 256-512-256 102.556-51.278 409.444 204.722z"
        ],
        "tags": [
          "stack",
          "layers"
        ],
        "defaultCode": 59694,
        "grid": 16,
        "attrs": []
      },
      "attrs": [],
      "properties": {
        "ligatures": "stack, layers",
        "name": "stack",
        "order": 32,
        "id": 47,
        "prevSize": 32
      },
      "setIdx": 1,
      "setId": 1,
      "iconIdx": 46
    },
    {
      "icon": {
        "paths": [
          "M832 960l192-512h-832l-192 512zM128 384l-128 576v-832h288l128 128h416v128z"
        ],
        "tags": [
          "folder-open",
          "directory",
          "category",
          "browse"
        ],
        "defaultCode": 59696,
        "grid": 16,
        "attrs": []
      },
      "attrs": [],
      "properties": {
        "ligatures": "folder-open, directory2",
        "name": "folder-open",
        "order": 62,
        "id": 49,
        "prevSize": 32
      },
      "setIdx": 1,
      "setId": 1,
      "iconIdx": 48
    },
    {
      "icon": {
        "paths": [
          "M576 256l-128-128h-448v832h1024v-704h-448zM704 704h-128v128h-128v-128h-128v-128h128v-128h128v128h128v128z"
        ],
        "tags": [
          "folder-plus",
          "directory",
          "folder-add"
        ],
        "defaultCode": 59697,
        "grid": 16,
        "attrs": []
      },
      "attrs": [],
      "properties": {
        "ligatures": "folder-plus, directory3",
        "name": "folder-plus",
        "order": 63,
        "id": 50,
        "prevSize": 32
      },
      "setIdx": 1,
      "setId": 1,
      "iconIdx": 49
    },
    {
      "icon": {
        "paths": [
          "M0 128h128v640h-128zM192 128h64v640h-64zM320 128h64v640h-64zM512 128h64v640h-64zM768 128h64v640h-64zM960 128h64v640h-64zM640 128h32v640h-32zM448 128h32v640h-32zM864 128h32v640h-32zM0 832h64v64h-64zM192 832h64v64h-64zM320 832h64v64h-64zM640 832h64v64h-64zM960 832h64v64h-64zM768 832h128v64h-128zM448 832h128v64h-128z"
        ],
        "tags": [
          "barcode"
        ],
        "defaultCode": 59703,
        "grid": 16,
        "attrs": []
      },
      "attrs": [],
      "properties": {
        "ligatures": "barcode",
        "name": "barcode",
        "order": 64,
        "id": 56,
        "prevSize": 32
      },
      "setIdx": 1,
      "setId": 1,
      "iconIdx": 55
    },
    {
      "icon": {
        "paths": [
          "M256 64h512v128h-512v-128z",
          "M960 256h-896c-35.2 0-64 28.8-64 64v320c0 35.2 28.794 64 64 64h192v256h512v-256h192c35.2 0 64-28.8 64-64v-320c0-35.2-28.8-64-64-64zM128 448c-35.346 0-64-28.654-64-64s28.654-64 64-64 64 28.654 64 64-28.652 64-64 64zM704 896h-384v-320h384v320z"
        ],
        "tags": [
          "printer",
          "print"
        ],
        "defaultCode": 59732,
        "grid": 16,
        "attrs": []
      },
      "attrs": [],
      "properties": {
        "ligatures": "printer, print",
        "name": "printer",
        "order": 35,
        "id": 85,
        "prevSize": 32
      },
      "setIdx": 1,
      "setId": 1,
      "iconIdx": 84
    },
    {
      "icon": {
        "paths": [
          "M736 0h-448c-52.8 0-96 43.2-96 96v832c0 52.8 43.2 96 96 96h448c52.8 0 96-43.2 96-96v-832c0-52.8-43.2-96-96-96zM384 48h256v32h-256v-32zM512 960c-35.346 0-64-28.654-64-64s28.654-64 64-64 64 28.654 64 64-28.654 64-64 64zM768 768h-512v-640h512v640z"
        ],
        "tags": [
          "mobile",
          "cell-phone",
          "handheld"
        ],
        "defaultCode": 59736,
        "grid": 16,
        "attrs": []
      },
      "attrs": [],
      "properties": {
        "ligatures": "mobile, cell-phone",
        "name": "mobile",
        "order": 38,
        "id": 89,
        "prevSize": 32
      },
      "setIdx": 1,
      "setId": 1,
      "iconIdx": 88
    },
    {
      "icon": {
        "paths": [
          "M768 0h-576c-35.2 0-64 28.798-64 64v896c0 35.2 28.798 64 64 64h576c35.2 0 64-28.8 64-64v-896c0-35.202-28.8-64-64-64zM480 977.782c-27.492 0-49.782-22.29-49.782-49.782s22.29-49.782 49.782-49.782 49.782 22.29 49.782 49.782-22.29 49.782-49.782 49.782zM768 832h-576v-704h576v704z"
        ],
        "tags": [
          "mobile",
          "cell-phone",
          "handheld",
          "tablet",
          "phablet"
        ],
        "defaultCode": 59737,
        "grid": 16,
        "attrs": []
      },
      "attrs": [],
      "properties": {
        "ligatures": "mobile2, cell-phone2",
        "name": "mobile2",
        "order": 36,
        "id": 90,
        "prevSize": 32
      },
      "setIdx": 1,
      "setId": 1,
      "iconIdx": 89
    },
    {
      "icon": {
        "paths": [
          "M800 0h-640c-52.8 0-96 43.2-96 96v832c0 52.8 43.2 96 96 96h640c52.8 0 96-43.2 96-96v-832c0-52.8-43.2-96-96-96zM480 992c-17.672 0-32-14.326-32-32s14.328-32 32-32 32 14.326 32 32-14.328 32-32 32zM768 896h-576v-768h576v768z"
        ],
        "tags": [
          "tablet",
          "mobile"
        ],
        "defaultCode": 59738,
        "grid": 16,
        "attrs": []
      },
      "attrs": [],
      "properties": {
        "ligatures": "tablet, mobile3",
        "name": "tablet",
        "order": 37,
        "id": 91,
        "prevSize": 32
      },
      "setIdx": 1,
      "setId": 1,
      "iconIdx": 90
    },
    {
      "icon": {
        "paths": [
          "M896 0h-896v1024h1024v-896l-128-128zM512 128h128v256h-128v-256zM896 896h-768v-768h64v320h576v-320h74.978l53.022 53.018v714.982z"
        ],
        "tags": [
          "floppy-disk",
          "save"
        ],
        "defaultCode": 59746,
        "grid": 16,
        "attrs": []
      },
      "attrs": [],
      "properties": {
        "ligatures": "floppy-disk, save2",
        "name": "floppy-disk",
        "order": 44,
        "id": 99,
        "prevSize": 32
      },
      "setIdx": 1,
      "setId": 1,
      "iconIdx": 98
    },
    {
      "icon": {
        "paths": [
          "M512 0c-282.77 0-512 71.634-512 160v128c0 88.366 229.23 160 512 160s512-71.634 512-160v-128c0-88.366-229.23-160-512-160z",
          "M512 544c-282.77 0-512-71.634-512-160v192c0 88.366 229.23 160 512 160s512-71.634 512-160v-192c0 88.366-229.23 160-512 160z",
          "M512 832c-282.77 0-512-71.634-512-160v192c0 88.366 229.23 160 512 160s512-71.634 512-160v-192c0 88.366-229.23 160-512 160z"
        ],
        "tags": [
          "database",
          "db",
          "server",
          "host",
          "storage",
          "save",
          "datecenter"
        ],
        "defaultCode": 59748,
        "grid": 16,
        "attrs": []
      },
      "attrs": [],
      "properties": {
        "ligatures": "database, db",
        "name": "database1",
        "order": 43,
        "id": 101,
        "prevSize": 32
      },
      "setIdx": 1,
      "setId": 1,
      "iconIdx": 100
    },
    {
      "icon": {
        "width": 1152,
        "paths": [
          "M480 128c-50.666 0-99.582 7.95-145.386 23.628-42.924 14.694-81.114 35.436-113.502 61.646-60.044 48.59-93.112 110.802-93.112 175.174 0 35.99 10.066 70.948 29.92 103.898 20.686 34.34 51.898 65.794 90.26 90.958 30.44 19.968 50.936 51.952 56.362 87.95 0.902 5.99 1.63 12.006 2.18 18.032 2.722-2.52 5.424-5.114 8.114-7.794 24.138-24.040 56.688-37.312 90.322-37.312 5.348 0 10.718 0.336 16.094 1.018 19.36 2.452 39.124 3.696 58.748 3.696 50.666 0 99.58-7.948 145.384-23.628 42.926-14.692 81.116-35.434 113.504-61.644 60.046-48.59 93.112-110.802 93.112-175.174s-33.066-126.582-93.112-175.174c-32.388-26.212-70.578-46.952-113.504-61.646-45.804-15.678-94.718-23.628-145.384-23.628zM480 0v0c265.096 0 480 173.914 480 388.448s-214.904 388.448-480 388.448c-25.458 0-50.446-1.62-74.834-4.71-103.106 102.694-222.172 121.108-341.166 123.814v-25.134c64.252-31.354 116-88.466 116-153.734 0-9.106-0.712-18.048-2.030-26.794-108.558-71.214-177.97-179.988-177.97-301.89 0-214.534 214.904-388.448 480-388.448zM996 870.686c0 55.942 36.314 104.898 92 131.772v21.542c-103.126-2.318-197.786-18.102-287.142-106.126-21.14 2.65-42.794 4.040-64.858 4.040-95.47 0-183.408-25.758-253.614-69.040 144.674-0.506 281.26-46.854 384.834-130.672 52.208-42.252 93.394-91.826 122.414-147.348 30.766-58.866 46.366-121.582 46.366-186.406 0-10.448-0.45-20.836-1.258-31.168 72.57 59.934 117.258 141.622 117.258 231.676 0 104.488-60.158 197.722-154.24 258.764-1.142 7.496-1.76 15.16-1.76 22.966z"
        ],
        "tags": [
          "bubbles",
          "comments",
          "chat",
          "talk"
        ],
        "defaultCode": 59760,
        "grid": 16,
        "attrs": []
      },
      "attrs": [],
      "properties": {
        "ligatures": "bubbles4, comments4",
        "name": "bubbles4",
        "order": 61,
        "id": 113,
        "prevSize": 32
      },
      "setIdx": 1,
      "setId": 1,
      "iconIdx": 112
    },
    {
      "icon": {
        "width": 1152,
        "paths": [
          "M768 770.612v-52.78c70.498-39.728 128-138.772 128-237.832 0-159.058 0-288-192-288s-192 128.942-192 288c0 99.060 57.502 198.104 128 237.832v52.78c-217.102 17.748-384 124.42-384 253.388h896c0-128.968-166.898-235.64-384-253.388z",
          "M327.196 795.328c55.31-36.15 124.080-63.636 199.788-80.414-15.054-17.784-28.708-37.622-40.492-59.020-30.414-55.234-46.492-116.058-46.492-175.894 0-86.042 0-167.31 30.6-233.762 29.706-64.504 83.128-104.496 159.222-119.488-16.914-76.48-61.94-126.75-181.822-126.75-192 0-192 128.942-192 288 0 99.060 57.502 198.104 128 237.832v52.78c-217.102 17.748-384 124.42-384 253.388h279.006c14.518-12.91 30.596-25.172 48.19-36.672z"
        ],
        "tags": [
          "users",
          "group",
          "team",
          "members",
          "community",
          "collaborate"
        ],
        "defaultCode": 59762,
        "grid": 16,
        "attrs": []
      },
      "attrs": [],
      "properties": {
        "ligatures": "users, group",
        "name": "users1",
        "order": 42,
        "id": 115,
        "prevSize": 32
      },
      "setIdx": 1,
      "setId": 1,
      "iconIdx": 114
    },
    {
      "icon": {
        "width": 1024,
        "paths": [
          "M384 736c0-151.234 95.874-280.486 230.032-330.2 16.28-36.538 25.968-77.164 25.968-117.8 0-159.058 0-288-192-288s-192 128.942-192 288c0 99.060 57.502 198.104 128 237.832v52.78c-217.102 17.748-384 124.42-384 253.388h397.306c-8.664-30.53-13.306-62.732-13.306-96z",
          "M736 448c-159.058 0-288 128.942-288 288s128.942 288 288 288c159.056 0 288-128.942 288-288s-128.942-288-288-288zM896 768h-128v128h-64v-128h-128v-64h128v-128h64v128h128v64z"
        ],
        "tags": [
          "user-plus",
          "user",
          "user-add",
          "profile",
          "avatar",
          "person",
          "member"
        ],
        "defaultCode": 59763,
        "grid": 16,
        "attrs": []
      },
      "attrs": [],
      "properties": {
        "ligatures": "user-plus, user2",
        "name": "user-plus",
        "order": 41,
        "id": 116,
        "prevSize": 32
      },
      "setIdx": 1,
      "setId": 1,
      "iconIdx": 115
    },
    {
      "icon": {
        "width": 1024,
        "paths": [
          "M384 736c0-151.234 95.874-280.486 230.032-330.2 16.28-36.538 25.968-77.164 25.968-117.8 0-159.058 0-288-192-288s-192 128.942-192 288c0 99.060 57.502 198.104 128 237.832v52.78c-217.102 17.748-384 124.42-384 253.388h397.306c-8.664-30.53-13.306-62.732-13.306-96z",
          "M736 448c-159.058 0-288 128.942-288 288s128.942 288 288 288c159.056 0 288-128.942 288-288s-128.942-288-288-288zM896 768h-320v-64h320v64z"
        ],
        "tags": [
          "user-minus",
          "user",
          "user-remove",
          "profile",
          "avatar",
          "person",
          "member"
        ],
        "defaultCode": 59764,
        "grid": 16,
        "attrs": []
      },
      "attrs": [],
      "properties": {
        "ligatures": "user-minus, user3",
        "name": "user-minus",
        "order": 40,
        "id": 117,
        "prevSize": 32
      },
      "setIdx": 1,
      "setId": 1,
      "iconIdx": 116
    },
    {
      "icon": {
        "width": 1024,
        "paths": [
          "M960 608l-288 288-96-96-64 64 160 160 352-352z",
          "M448 768h320v-115.128c-67.22-39.2-156.308-66.11-256-74.26v-52.78c70.498-39.728 128-138.772 128-237.832 0-159.058 0-288-192-288s-192 128.942-192 288c0 99.060 57.502 198.104 128 237.832v52.78c-217.102 17.748-384 124.42-384 253.388h448v-64z"
        ],
        "tags": [
          "user-check",
          "user",
          "user-tick",
          "profile",
          "avatar",
          "person",
          "member"
        ],
        "defaultCode": 59765,
        "grid": 16,
        "attrs": []
      },
      "attrs": [],
      "properties": {
        "ligatures": "user-check, user4",
        "name": "user-check",
        "order": 39,
        "id": 118,
        "prevSize": 32
      },
      "setIdx": 1,
      "setId": 1,
      "iconIdx": 117
    },
    {
      "icon": {
        "paths": [
          "M64 0h384v64h-384zM576 0h384v64h-384zM952 320h-56v-256h-256v256h-256v-256h-256v256h-56c-39.6 0-72 32.4-72 72v560c0 39.6 32.4 72 72 72h304c39.6 0 72-32.4 72-72v-376h128v376c0 39.6 32.4 72 72 72h304c39.6 0 72-32.4 72-72v-560c0-39.6-32.4-72-72-72zM348 960h-248c-19.8 0-36-14.4-36-32s16.2-32 36-32h248c19.8 0 36 14.4 36 32s-16.2 32-36 32zM544 512h-64c-17.6 0-32-14.4-32-32s14.4-32 32-32h64c17.6 0 32 14.4 32 32s-14.4 32-32 32zM924 960h-248c-19.8 0-36-14.4-36-32s16.2-32 36-32h248c19.8 0 36 14.4 36 32s-16.2 32-36 32z"
        ],
        "tags": [
          "binoculars",
          "lookup",
          "search",
          "find"
        ],
        "defaultCode": 59781,
        "grid": 16,
        "attrs": []
      },
      "attrs": [],
      "properties": {
        "ligatures": "binoculars, lookup",
        "name": "binoculars",
        "order": 60,
        "id": 134,
        "prevSize": 32
      },
      "setIdx": 1,
      "setId": 1,
      "iconIdx": 133
    },
    {
      "icon": {
        "paths": [
          "M1002.132 314.242l-101.106-101.104c-24.792-24.794-65.37-65.368-90.162-90.164l-101.106-101.104c-24.792-24.794-68.954-29.166-98.13-9.716l-276.438 184.292c-29.176 19.452-40.218 61.028-24.536 92.39l70.486 140.974c2.154 4.306 4.646 8.896 7.39 13.66l-356.53 356.53-32 224h192v-64h128v-128h128v-128h128v-71.186c6.396 3.812 12.534 7.216 18.192 10.044l140.97 70.488c31.366 15.682 72.94 4.638 92.39-24.538l184.294-276.44c19.454-29.172 15.078-73.33-9.714-98.126zM150.628 854.626l-45.254-45.254 311.572-311.57 45.254 45.254-311.572 311.57zM917.020 423.764l-45.256 45.256c-12.446 12.444-32.808 12.444-45.254 0l-271.53-271.53c-12.446-12.444-12.446-32.81 0-45.254l45.256-45.256c12.446-12.444 32.808-12.444 45.254 0l271.53 271.53c12.446 12.444 12.446 32.81 0 45.254z"
        ],
        "tags": [
          "key",
          "password",
          "login",
          "signin"
        ],
        "defaultCode": 59790,
        "grid": 16,
        "attrs": []
      },
      "attrs": [],
      "properties": {
        "ligatures": "key2, password2",
        "name": "key2",
        "order": 59,
        "id": 143,
        "prevSize": 32
      },
      "setIdx": 1,
      "setId": 1,
      "iconIdx": 142
    },
    {
      "icon": {
        "paths": [
          "M128 896h896v128h-1024v-1024h128zM288 832c-53.020 0-96-42.98-96-96s42.98-96 96-96c2.828 0 5.622 0.148 8.388 0.386l103.192-171.986c-9.84-15.070-15.58-33.062-15.58-52.402 0-53.020 42.98-96 96-96s96 42.98 96 96c0 19.342-5.74 37.332-15.58 52.402l103.192 171.986c2.766-0.238 5.56-0.386 8.388-0.386 2.136 0 4.248 0.094 6.35 0.23l170.356-298.122c-10.536-15.408-16.706-34.036-16.706-54.11 0-53.020 42.98-96 96-96s96 42.98 96 96c0 53.020-42.98 96-96 96-2.14 0-4.248-0.094-6.35-0.232l-170.356 298.124c10.536 15.406 16.706 34.036 16.706 54.11 0 53.020-42.98 96-96 96s-96-42.98-96-96c0-19.34 5.74-37.332 15.578-52.402l-103.19-171.984c-2.766 0.238-5.56 0.386-8.388 0.386s-5.622-0.146-8.388-0.386l-103.192 171.986c9.84 15.068 15.58 33.060 15.58 52.4 0 53.020-42.98 96-96 96z"
        ],
        "tags": [
          "stats-dots",
          "stats",
          "plot",
          "statistics",
          "chart"
        ],
        "defaultCode": 59803,
        "grid": 16,
        "attrs": []
      },
      "attrs": [],
      "properties": {
        "ligatures": "stats-dots, stats2",
        "name": "stats-dots",
        "order": 58,
        "id": 156,
        "prevSize": 32
      },
      "setIdx": 1,
      "setId": 1,
      "iconIdx": 155
    },
    {
      "icon": {
        "paths": [
          "M0 832h1024v128h-1024zM128 576h128v192h-128zM320 320h128v448h-128zM512 512h128v256h-128zM704 128h128v640h-128z"
        ],
        "tags": [
          "stats-bars",
          "stats",
          "statistics",
          "chart"
        ],
        "defaultCode": 59804,
        "grid": 16,
        "attrs": []
      },
      "attrs": [],
      "properties": {
        "ligatures": "stats-bars, stats3",
        "name": "stats-bars",
        "order": 56,
        "id": 157,
        "prevSize": 32
      },
      "setIdx": 1,
      "setId": 1,
      "iconIdx": 156
    },
    {
      "icon": {
        "paths": [
          "M288 384h-192c-17.6 0-32 14.4-32 32v576c0 17.6 14.4 32 32 32h192c17.6 0 32-14.4 32-32v-576c0-17.6-14.4-32-32-32zM288 960h-192v-256h192v256zM608 256h-192c-17.6 0-32 14.4-32 32v704c0 17.6 14.4 32 32 32h192c17.6 0 32-14.4 32-32v-704c0-17.6-14.4-32-32-32zM608 960h-192v-320h192v320zM928 128h-192c-17.6 0-32 14.4-32 32v832c0 17.6 14.4 32 32 32h192c17.6 0 32-14.4 32-32v-832c0-17.6-14.4-32-32-32zM928 960h-192v-384h192v384z"
        ],
        "tags": [
          "stats-bars",
          "stats",
          "statistics",
          "chart"
        ],
        "defaultCode": 59805,
        "grid": 16,
        "attrs": []
      },
      "attrs": [],
      "properties": {
        "ligatures": "stats-bars2, stats4",
        "name": "stats-bars2",
        "order": 57,
        "id": 158,
        "prevSize": 32
      },
      "setIdx": 1,
      "setId": 1,
      "iconIdx": 157
    },
    {
      "icon": {
        "paths": [
          "M928 128h-288c0-70.692-57.306-128-128-128-70.692 0-128 57.308-128 128h-288c-17.672 0-32 14.328-32 32v832c0 17.674 14.328 32 32 32h832c17.674 0 32-14.326 32-32v-832c0-17.672-14.326-32-32-32zM512 64c35.346 0 64 28.654 64 64s-28.654 64-64 64c-35.346 0-64-28.654-64-64s28.654-64 64-64zM896 960h-768v-768h128v96c0 17.672 14.328 32 32 32h448c17.674 0 32-14.328 32-32v-96h128v768z",
          "M448 858.51l-205.254-237.254 58.508-58.51 146.746 114.744 274.742-242.744 58.514 58.508z"
        ],
        "tags": [
          "clipboard",
          "board",
          "signup",
          "register",
          "agreement"
        ],
        "defaultCode": 59832,
        "grid": 16,
        "attrs": []
      },
      "attrs": [],
      "properties": {
        "ligatures": "clipboard, board",
        "name": "clipboard1",
        "order": 55,
        "id": 185,
        "prevSize": 32
      },
      "setIdx": 1,
      "setId": 1,
      "iconIdx": 184
    },
    {
      "icon": {
        "paths": [
          "M976 768h-16v-208c0-61.756-50.242-112-112-112h-272v-128h16c26.4 0 48-21.6 48-48v-160c0-26.4-21.6-48-48-48h-160c-26.4 0-48 21.6-48 48v160c0 26.4 21.6 48 48 48h16v128h-272c-61.756 0-112 50.244-112 112v208h-16c-26.4 0-48 21.6-48 48v160c0 26.4 21.6 48 48 48h160c26.4 0 48-21.6 48-48v-160c0-26.4-21.6-48-48-48h-16v-192h256v192h-16c-26.4 0-48 21.6-48 48v160c0 26.4 21.6 48 48 48h160c26.4 0 48-21.6 48-48v-160c0-26.4-21.6-48-48-48h-16v-192h256v192h-16c-26.4 0-48 21.6-48 48v160c0 26.4 21.6 48 48 48h160c26.4 0 48-21.6 48-48v-160c0-26.4-21.6-48-48-48zM192 960h-128v-128h128v128zM576 960h-128v-128h128v128zM448 256v-128h128v128h-128zM960 960h-128v-128h128v128z"
        ],
        "tags": [
          "tree",
          "branches",
          "inheritance"
        ],
        "defaultCode": 59836,
        "grid": 16,
        "attrs": []
      },
      "attrs": [],
      "properties": {
        "ligatures": "tree, branches",
        "name": "tree",
        "order": 54,
        "id": 189,
        "prevSize": 32
      },
      "setIdx": 1,
      "setId": 1,
      "iconIdx": 188
    },
    {
      "icon": {
        "paths": [
          "M896 512h-160l-224 224-224-224h-160l-128 256v64h1024v-64l-128-256zM0 896h1024v64h-1024v-64zM576 320v-256h-128v256h-224l288 288 288-288h-224z"
        ],
        "tags": [
          "download",
          "save",
          "store"
        ],
        "defaultCode": 59845,
        "grid": 16,
        "attrs": []
      },
      "attrs": [],
      "properties": {
        "ligatures": "download2, save4",
        "name": "download2",
        "order": 46,
        "id": 198,
        "prevSize": 32
      },
      "setIdx": 1,
      "setId": 1,
      "iconIdx": 197
    },
    {
      "icon": {
        "paths": [
          "M0 896h1024v64h-1024zM1024 768v64h-1024v-64l128-256h256v128h256v-128h256zM224 320l288-288 288 288h-224v256h-128v-256z"
        ],
        "tags": [
          "upload",
          "load",
          "open"
        ],
        "defaultCode": 59846,
        "grid": 16,
        "attrs": []
      },
      "attrs": [],
      "properties": {
        "ligatures": "upload2, load2",
        "name": "upload2",
        "order": 45,
        "id": 199,
        "prevSize": 32
      },
      "setIdx": 1,
      "setId": 1,
      "iconIdx": 198
    },
    {
      "icon": {
        "paths": [
          "M736 448l-256 256-256-256h160v-384h192v384zM480 704h-480v256h960v-256h-480zM896 832h-128v-64h128v64z"
        ],
        "tags": [
          "download",
          "save",
          "store"
        ],
        "defaultCode": 59847,
        "grid": 16,
        "attrs": []
      },
      "attrs": [],
      "properties": {
        "ligatures": "download3, save5",
        "name": "download3",
        "order": 47,
        "id": 200,
        "prevSize": 32
      },
      "setIdx": 1,
      "setId": 1,
      "iconIdx": 199
    },
    {
      "icon": {
        "paths": [
          "M480 704h-480v256h960v-256h-480zM896 832h-128v-64h128v64zM224 320l256-256 256 256h-160v320h-192v-320z"
        ],
        "tags": [
          "upload",
          "load",
          "open"
        ],
        "defaultCode": 59848,
        "grid": 16,
        "attrs": []
      },
      "attrs": [],
      "properties": {
        "ligatures": "upload3, load3",
        "name": "upload3",
        "order": 48,
        "id": 201,
        "prevSize": 32
      },
      "setIdx": 1,
      "setId": 1,
      "iconIdx": 200
    },
    {
      "icon": {
        "paths": [
          "M945.942 14.058c-18.746-18.744-49.136-18.744-67.882 0l-202.164 202.164c-51.938-15.754-106.948-24.222-163.896-24.222-223.318 0-416.882 130.042-512 320 41.122 82.124 100.648 153.040 173.022 207.096l-158.962 158.962c-18.746 18.746-18.746 49.136 0 67.882 9.372 9.374 21.656 14.060 33.94 14.060s24.568-4.686 33.942-14.058l864-864c18.744-18.746 18.744-49.138 0-67.884zM416 320c42.24 0 78.082 27.294 90.92 65.196l-121.724 121.724c-37.902-12.838-65.196-48.68-65.196-90.92 0-53.020 42.98-96 96-96zM110.116 512c38.292-60.524 89.274-111.924 149.434-150.296 3.918-2.5 7.876-4.922 11.862-7.3-9.962 27.328-15.412 56.822-15.412 87.596 0 54.89 17.286 105.738 46.7 147.418l-60.924 60.924c-52.446-36.842-97.202-83.882-131.66-138.342z",
          "M768 442c0-27.166-4.256-53.334-12.102-77.898l-321.808 321.808c24.568 7.842 50.742 12.090 77.91 12.090 141.382 0 256-114.618 256-256z",
          "M830.026 289.974l-69.362 69.362c1.264 0.786 2.53 1.568 3.786 2.368 60.162 38.374 111.142 89.774 149.434 150.296-38.292 60.522-89.274 111.922-149.436 150.296-75.594 48.218-162.89 73.704-252.448 73.704-38.664 0-76.902-4.76-113.962-14.040l-76.894 76.894c59.718 21.462 123.95 33.146 190.856 33.146 223.31 0 416.876-130.042 512-320-45.022-89.916-112.118-166.396-193.974-222.026z"
        ],
        "tags": [
          "eye-blocked",
          "views",
          "vision",
          "visit",
          "banned",
          "blocked",
          "forbidden",
          "private"
        ],
        "defaultCode": 59857,
        "grid": 16,
        "attrs": []
      },
      "attrs": [],
      "properties": {
        "ligatures": "eye-blocked, views4",
        "name": "eye-blocked",
        "order": 50,
        "id": 210,
        "prevSize": 32
      },
      "setIdx": 1,
      "setId": 1,
      "iconIdx": 209
    },
    {
      "icon": {
        "paths": [
          "M512 1024c282.77 0 512-229.23 512-512s-229.23-512-512-512-512 229.23-512 512 229.23 512 512 512zM512 96c229.75 0 416 186.25 416 416s-186.25 416-416 416-416-186.25-416-416 186.25-416 416-416zM512 598.76c115.95 0 226.23-30.806 320-84.92-14.574 178.438-153.128 318.16-320 318.16-166.868 0-305.422-139.872-320-318.304 93.77 54.112 204.050 85.064 320 85.064zM256 352c0-53.019 28.654-96 64-96s64 42.981 64 96c0 53.019-28.654 96-64 96s-64-42.981-64-96zM640 352c0-53.019 28.654-96 64-96s64 42.981 64 96c0 53.019-28.654 96-64 96s-64-42.981-64-96z"
        ],
        "tags": [
          "happy",
          "emoticon",
          "smiley",
          "face"
        ],
        "defaultCode": 59871,
        "grid": 16,
        "attrs": []
      },
      "attrs": [],
      "properties": {
        "ligatures": "happy, emoticon",
        "name": "happy",
        "order": 53,
        "id": 224,
        "prevSize": 32
      },
      "setIdx": 1,
      "setId": 1,
      "iconIdx": 223
    },
    {
      "icon": {
        "paths": [
          "M512 1024c282.77 0 512-229.23 512-512s-229.23-512-512-512-512 229.23-512 512 229.23 512 512 512zM512 96c229.75 0 416 186.25 416 416s-186.25 416-416 416-416-186.25-416-416 186.25-416 416-416zM256 320c0-35.346 28.654-64 64-64s64 28.654 64 64c0 35.346-28.654 64-64 64s-64-28.654-64-64zM640 320c0-35.346 28.654-64 64-64s64 28.654 64 64c0 35.346-28.654 64-64 64s-64-28.654-64-64zM704.098 627.26l82.328 49.396c-55.962 93.070-157.916 155.344-274.426 155.344s-218.464-62.274-274.426-155.344l82.328-49.396c39.174 65.148 110.542 108.74 192.098 108.74s152.924-43.592 192.098-108.74z"
        ],
        "tags": [
          "smile",
          "emoticon",
          "smiley",
          "face"
        ],
        "defaultCode": 59873,
        "grid": 16,
        "attrs": []
      },
      "attrs": [],
      "properties": {
        "ligatures": "smile, emoticon3",
        "name": "smile",
        "order": 49,
        "id": 226,
        "prevSize": 32
      },
      "setIdx": 1,
      "setId": 1,
      "iconIdx": 225
    },
    {
      "icon": {
        "paths": [
          "M842.012 589.48c-13.648-13.446-43.914-20.566-89.972-21.172-31.178-0.344-68.702 2.402-108.17 7.928-17.674-10.198-35.892-21.294-50.188-34.658-38.462-35.916-70.568-85.772-90.576-140.594 1.304-5.12 2.414-9.62 3.448-14.212 0 0 21.666-123.060 15.932-164.666-0.792-5.706-1.276-7.362-2.808-11.796l-1.882-4.834c-5.894-13.592-17.448-27.994-35.564-27.208l-10.916-0.344c-20.202 0-36.664 10.332-40.986 25.774-13.138 48.434 0.418 120.892 24.98 214.738l-6.288 15.286c-17.588 42.876-39.63 86.060-59.078 124.158l-2.528 4.954c-20.46 40.040-39.026 74.028-55.856 102.822l-17.376 9.188c-1.264 0.668-31.044 16.418-38.028 20.644-59.256 35.38-98.524 75.542-105.038 107.416-2.072 10.17-0.53 23.186 10.014 29.212l16.806 8.458c7.292 3.652 14.978 5.502 22.854 5.502 42.206 0 91.202-52.572 158.698-170.366 77.93-25.37 166.652-46.458 244.412-58.090 59.258 33.368 132.142 56.544 178.142 56.544 8.168 0 15.212-0.78 20.932-2.294 8.822-2.336 16.258-7.368 20.792-14.194 8.926-13.432 10.734-31.932 8.312-50.876-0.72-5.622-5.21-12.574-10.068-17.32zM211.646 814.048c7.698-21.042 38.16-62.644 83.206-99.556 2.832-2.296 9.808-8.832 16.194-14.902-47.104 75.124-78.648 105.066-99.4 114.458zM478.434 199.686c13.566 0 21.284 34.194 21.924 66.254s-6.858 54.56-16.158 71.208c-7.702-24.648-11.426-63.5-11.426-88.904 0 0-0.566-48.558 5.66-48.558v0zM398.852 637.494c9.45-16.916 19.282-34.756 29.33-53.678 24.492-46.316 39.958-82.556 51.478-112.346 22.91 41.684 51.444 77.12 84.984 105.512 4.186 3.542 8.62 7.102 13.276 10.65-68.21 13.496-127.164 29.91-179.068 49.862v0zM828.902 633.652c-4.152 2.598-16.052 4.1-23.708 4.1-24.708 0-55.272-11.294-98.126-29.666 16.468-1.218 31.562-1.838 45.102-1.838 24.782 0 32.12-0.108 56.35 6.072 24.228 6.18 24.538 18.734 20.382 21.332v0z",
          "M917.806 229.076c-22.21-30.292-53.174-65.7-87.178-99.704s-69.412-64.964-99.704-87.178c-51.574-37.82-76.592-42.194-90.924-42.194h-496c-44.112 0-80 35.888-80 80v864c0 44.112 35.886 80 80 80h736c44.112 0 80-35.888 80-80v-624c0-14.332-4.372-39.35-42.194-90.924v0zM785.374 174.626c30.7 30.7 54.8 58.398 72.58 81.374h-153.954v-153.946c22.982 17.78 50.678 41.878 81.374 72.572v0zM896 944c0 8.672-7.328 16-16 16h-736c-8.672 0-16-7.328-16-16v-864c0-8.672 7.328-16 16-16 0 0 495.956-0.002 496 0v224c0 17.672 14.324 32 32 32h224v624z"
        ],
        "tags": [
          "file-pdf",
          "file",
          "file-format"
        ],
        "defaultCode": 60127,
        "grid": 16,
        "attrs": []
      },
      "attrs": [],
      "properties": {
        "ligatures": "file-pdf, file10",
        "name": "file-pdf",
        "order": 52,
        "id": 480,
        "prevSize": 32
      },
      "setIdx": 1,
      "setId": 1,
      "iconIdx": 479
    },
    {
      "icon": {
        "paths": [
          "M639.778 475.892h44.21l-51.012 226.178-66.324-318.010h-106.55l-77.114 318.010-57.816-318.010h-111.394l113.092 511.88h108.838l76.294-302.708 68.256 302.708h100.336l129.628-511.88h-170.446v91.832z",
          "M917.806 229.076c-22.21-30.292-53.174-65.7-87.178-99.704s-69.412-64.964-99.704-87.178c-51.574-37.82-76.592-42.194-90.924-42.194h-496c-44.112 0-80 35.888-80 80v864c0 44.112 35.886 80 80 80h736c44.112 0 80-35.888 80-80v-624c0-14.332-4.372-39.35-42.194-90.924v0zM785.374 174.626c30.7 30.7 54.8 58.398 72.58 81.374h-153.954v-153.946c22.982 17.78 50.678 41.878 81.374 72.572v0zM896 944c0 8.672-7.328 16-16 16h-736c-8.672 0-16-7.328-16-16v-864c0-8.672 7.328-16 16-16 0 0 495.956-0.002 496 0v224c0 17.672 14.324 32 32 32h224v624z"
        ],
        "tags": [
          "file-word",
          "file",
          "file-format",
          "word",
          "docx"
        ],
        "defaultCode": 60129,
        "grid": 16,
        "attrs": []
      },
      "attrs": [],
      "properties": {
        "ligatures": "file-word, file12",
        "name": "file-word",
        "order": 13,
        "id": 482,
        "prevSize": 32
      },
      "setIdx": 1,
      "setId": 1,
      "iconIdx": 481
    },
    {
      "icon": {
        "paths": [
          "M743.028 384h-135.292l-95.732 141.032-95.742-141.032h-135.29l162.162 242.464-182.972 269.536h251.838v-91.576h-50.156l50.156-74.994 111.396 166.57h140.444l-182.976-269.536 162.164-242.464z",
          "M917.806 229.076c-22.21-30.292-53.174-65.7-87.178-99.704s-69.412-64.964-99.704-87.178c-51.574-37.82-76.592-42.194-90.924-42.194h-496c-44.112 0-80 35.888-80 80v864c0 44.112 35.886 80 80 80h736c44.112 0 80-35.888 80-80v-624c0-14.332-4.372-39.35-42.194-90.924v0zM785.374 174.626c30.7 30.7 54.8 58.398 72.58 81.374h-153.954v-153.946c22.982 17.78 50.678 41.878 81.374 72.572v0zM896 944c0 8.672-7.328 16-16 16h-736c-8.672 0-16-7.328-16-16v-864c0-8.672 7.328-16 16-16 0 0 495.956-0.002 496 0v224c0 17.672 14.324 32 32 32h224v624z"
        ],
        "tags": [
          "file-excel",
          "file",
          "file-format",
          "xlc"
        ],
        "defaultCode": 60130,
        "grid": 16,
        "attrs": []
      },
      "attrs": [],
      "properties": {
        "ligatures": "file-excel, file13",
        "name": "file-excel",
        "order": 51,
        "id": 483,
        "prevSize": 32
      },
      "setIdx": 1,
      "setId": 1,
      "iconIdx": 482
    }
  ],
  "height": 1024,
  "preferences": {
    "showGlyphs": true,
    "showQuickUse": true,
    "showQuickUse2": true,
    "showSVGs": true,
    "fontPref": {
      "prefix": "icon-",
      "metadata": {
        "fontFamily": "icomoon"
      },
      "metrics": {
        "emSize": 1024,
        "baseline": 6.25,
        "whitespace": 50
      },
      "embed": false
    },
    "imagePref": {
      "prefix": "icon-",
      "png": false,
      "useClassSelector": true,
      "color": 0,
      "bgColor": 16777215,
      "classSelector": ".icon",
      "name": "icon-",
      "height": 32,
      "columns": 16,
      "margin": 16
    },
    "historySize": 50,
    "showCodes": true,
    "gridSize": 16
  }
}